3.580113984443165642e-01,7.001111552253932446e-01,2.218750000000000000e+00,3.607375188938775068e-01,6.000000000000000000e+00
1.238675812649674135e-01,4.388944089654361891e-01,2.218750000000000000e+00,8.819169023126618434e-01,6.000000000000000000e+00
7.040720663857277795e-02,5.000855986693071298e-01,2.218750000000000000e+00,6.741536427836881951e-02,5.000000000000000000e+00
9.951222455306588666e-01,9.233014862606128692e-02,2.218750000000000000e+00,4.525008002753172498e-01,5.000000000000000000e+00
2.909434347559730627e-01,1.624490966893999688e-01,2.218750000000000000e+00,7.165395399976916269e-02,4.000000000000000000e+00
5.447955148792396063e-01,8.119523152823256984e-01,2.218750000000000000e+00,3.034590021958946671e-01,4.000000000000000000e+00
2.532974734067239830e-01,5.586306498979286550e-01,2.218750000000000000e+00,4.632024773312549693e-01,0.000000000000000000e+00
6.920958100506803268e-01,5.548689303037122045e-01,2.218750000000000000e+00,2.784717525314620579e-01,4.000000000000000000e+00
3.104521321031429304e-01,5.200523095602905821e-01,2.218750000000000000e+00,4.062505995332348907e-01,3.000000000000000000e+00
4.970390034715131966e-01,2.752623468543160534e-01,2.218750000000000000e+00,4.608864442200437672e-01,3.000000000000000000e+00
5.774128872964895409e-01,6.484463758722995852e-01,2.218750000000000000e+00,4.537022463003748118e-01,2.000000000000000000e+00
7.798652236062895149e-01,1.042292314121036900e-01,2.218750000000000000e+00,3.876781121105911110e-01,1.000000000000000000e+00
7.500301668925316578e-01,2.973811199302510699e-01,2.218750000000000000e+00,2.934387189958525544e-01,3.000000000000000000e+00
3.408928471977277219e-01,1.782647749030768780e-01,2.218750000000000000e+00,2.513248404311652084e-01,2.000000000000000000e+00
6.200108600813113435e-01,9.980544363019270282e-01,2.218750000000000000e+00,4.647482329578777605e-01,3.000000000000000000e+00
2.177167839307924957e-01,5.264805881025687029e-01,2.218750000000000000e+00,4.202311337274388658e-01,2.000000000000000000e+00
6.054541741697142543e-01,5.691447857534029930e-01,2.218750000000000000e+00,4.763582802268124805e-01,2.000000000000000000e+00
4.583766498969684688e-01,2.369246982767327092e-01,2.218750000000000000e+00,2.211548840830324103e-01,1.000000000000000000e+00
1.871066701319917536e-01,5.175106629725917395e-01,2.218750000000000000e+00,3.848804917564800920e-01,3.000000000000000000e+00
3.104521321031429304e-01,5.200523095602905821e-01,2.218750000000000000e+00,4.062505995332348907e-01,3.000000000000000000e+00
6.920958100506803268e-01,5.548689303037122045e-01,2.218750000000000000e+00,2.784717525314620579e-01,4.000000000000000000e+00
2.532974734067239830e-01,5.586306498979286550e-01,2.218750000000000000e+00,4.632024773312549693e-01,0.000000000000000000e+00
6.280770230382237695e-01,8.343251107829292579e-01,2.218750000000000000e+00,9.446528863187966807e-02,4.000000000000000000e+00
4.087985222863719792e-01,3.781332860942838159e-01,2.218750000000000000e+00,4.594300836205995192e-02,4.000000000000000000e+00
1.359877104720886576e-01,1.606318000663658485e-01,2.218750000000000000e+00,1.155187641562909623e-01,5.000000000000000000e+00
5.600692446210110420e-01,6.125269738463314795e-01,2.218750000000000000e+00,2.843606104309710503e-01,5.000000000000000000e+00
5.112800972766257113e-01,2.284639480332695816e-01,2.218750000000000000e+00,1.450704630205459644e-01,6.000000000000000000e+00
3.053539272653015835e-01,7.886998100481179552e-01,2.218750000000000000e+00,1.561283254055630398e-01,6.000000000000000000e+00
3.010516642842556712e-01,1.514925193074518062e-01,2.218750000000000000e+00,1.056010463900594748e-01,5.000000000000000000e+00
3.275103495646685126e-01,3.494341528443553058e-01,2.218750000000000000e+00,7.075447160967249238e-02,6.000000000000000000e+00
2.514132028885959769e-01,3.935250190783597390e-01,2.218750000000000000e+00,1.846549690601610449e-01,6.000000000000000000e+00
2.258479217331575972e-01,1.444837367558851615e-01,2.218750000000000000e+00,4.768943662334832606e-02,5.000000000000000000e+00
4.491664655540497653e-01,5.822688566583348324e-01,2.218750000000000000e+00,4.420599516579346577e-01,6.000000000000000000e+00
3.869553715632947921e-01,4.786032263904165807e-01,2.218750000000000000e+00,4.007553134225593783e-01,5.000000000000000000e+00
5.776913509198581265e-01,5.126736099077009445e-01,2.218750000000000000e+00,3.779659706256019262e-03,4.000000000000000000e+00
3.712384205543282217e-02,4.867282948811320620e-01,2.218750000000000000e+00,6.270364401309438951e-02,0.000000000000000000e+00
2.909434347559730627e-01,1.624490966893999688e-01,2.218750000000000000e+00,7.165395399976916269e-02,4.000000000000000000e+00
5.949027233742365528e-01,1.622394847896828918e-01,2.218750000000000000e+00,2.711768820107987032e-01,2.000000000000000000e+00
6.495117604470269645e-01,5.332824694841193924e-01,2.218750000000000000e+00,3.581927522790924190e-01,3.000000000000000000e+00
9.987794011175673559e-01,1.276081335538931938e-01,2.218750000000000000e+00,4.514265156903368159e-01,3.000000000000000000e+00
8.951746895130598958e-01,3.366567557871638638e-01,2.218750000000000000e+00,2.444124246976601134e-01,2.000000000000000000e+00
5.689754395084188898e-01,2.358539589122681801e-01,2.218750000000000000e+00,2.204289691743194224e-01,1.000000000000000000e+00
3.242337609296971901e-01,1.791458078023375200e-01,2.218750000000000000e+00,4.683431486843294134e-01,2.000000000000000000e+00
9.919547218148402346e-01,6.591768651744876750e-02,2.218750000000000000e+00,4.486877705250298942e-01,1.000000000000000000e+00
8.789356192102771859e-01,7.217386319511400750e-01,2.218750000000000000e+00,4.877391503911999715e-01,2.000000000000000000e+00
5.355737278853472949e-01,3.053300307012901116e-01,2.218750000000000000e+00,4.562845351168060559e-01,2.000000000000000000e+00
5.396323351959455561e-01,3.057759587220516551e-01,2.218750000000000000e+00,2.621859866656994775e-01,3.000000000000000000e+00
3.005875582453078620e-01,7.764885190171736395e-01,2.218750000000000000e+00,6.152457909846251738e-01,2.000000000000000000e+00
5.686668089925186464e-01,5.336618130283289352e-01,2.218750000000000000e+00,3.224580469628293145e-01,3.000000000000000000e+00
3.126264688956132964e-01,6.460759601678739417e-01,2.218750000000000000e+00,2.519278085495816888e-01,0.000000000000000000e+00
2.909434347559730627e-01,1.624490966893999688e-01,2.218750000000000000e+00,7.165395399976916269e-02,4.000000000000000000e+00
2.359839976237770864e-01,1.450792679148443232e-01,2.218750000000000000e+00,3.354596596374493922e-01,0.000000000000000000e+00
1.612861306551320872e-01,4.453328879013776498e-01,2.218750000000000000e+00,1.349750934646770095e-01,4.000000000000000000e+00
3.101899121911374513e-01,2.606964809030654084e-01,2.218750000000000000e+00,4.923464082864276170e-01,5.000000000000000000e+00
1.916827556760168638e-01,1.741989130531719498e-01,2.218750000000000000e+00,1.106978690342311500e-01,5.000000000000000000e+00
1.890071843614829217e-01,5.859994030648248975e-01,2.218750000000000000e+00,4.097964430825354887e-01,6.000000000000000000e+00
7.112332225666920804e-01,6.194355359440244513e-01,2.218750000000000000e+00,4.550504500847958878e-01,5.000000000000000000e+00
2.334082091076169208e-01,9.041853690205100547e-01,2.218750000000000000e+00,1.967048095124470930e-01,6.000000000000000000e+00
3.195138025135982884e-01,6.934072543501691444e-01,2.218750000000000000e+00,4.047582510679780810e-01,5.000000000000000000e+00
5.019213990012437732e-01,1.732143579466979832e-01,2.218750000000000000e+00,3.794710549365442054e-01,6.000000000000000000e+00
3.184185122616815522e-01,9.458356016785265385e-01,2.218750000000000000e+00,5.873909120420125335e-02,6.000000000000000000e+00
0.000000000000000000e+00,2.903054881209078397e-01,2.218750000000000000e+00,7.452271776535727144e-01,5.000000000000000000e+00
3.612647817773405046e-01,9.076778301489184519e-01,2.218750000000000000e+00,1.516995748520970910e-01,6.000000000000000000e+00
3.792140828336458269e-01,2.028279494454165166e-01,2.218750000000000000e+00,2.891230991596684952e-01,4.000000000000000000e+00
3.033745150091893272e-01,8.882015908410141325e-01,2.218750000000000000e+00,3.584462618038892767e-01,0.000000000000000000e+00
6.505188705515436709e-01,7.814476277566254625e-01,2.218750000000000000e+00,3.459699227093221419e-01,4.000000000000000000e+00
5.207780273636920532e-01,4.334637449717080315e-01,2.218750000000000000e+00,4.758186038476744373e-01,2.000000000000000000e+00
8.789356192102771859e-01,7.217386319511400750e-01,2.218750000000000000e+00,4.877391503911999715e-01,2.000000000000000000e+00
2.455352999053223573e-01,1.299472243072784805e-01,2.218750000000000000e+00,9.966672212183397273e-02,1.000000000000000000e+00
9.990671468617149387e-01,1.907990192298039123e-01,2.218750000000000000e+00,4.538516689463250597e-01,3.000000000000000000e+00
2.214017858800378658e-01,4.443806249516190632e-01,2.218750000000000000e+00,7.251931517779602876e-02,2.000000000000000000e+00
1.601861993428258524e-01,9.370639613514489819e-01,2.218750000000000000e+00,1.869678190465599577e-01,3.000000000000000000e+00
9.120936751629011852e-01,1.545406217226167334e-01,2.218750000000000000e+00,3.745499529859094290e-01,2.000000000000000000e+00
2.287648281879443857e-01,5.439982237471264748e-01,2.218750000000000000e+00,2.021966336570404088e-01,3.000000000000000000e+00
3.294340690961070628e-01,3.985547894034512373e-01,2.218750000000000000e+00,6.672390060811180801e-01,3.000000000000000000e+00
3.511217442961367952e-01,1.583904903442008849e-01,2.218750000000000000e+00,2.974440029499554328e-01,2.000000000000000000e+00
2.445908441160636326e-01,1.098225926209420583e-01,2.218750000000000000e+00,1.391260729457669265e-01,1.000000000000000000e+00
1.168038873521822230e-01,1.864323172248258664e-01,2.218750000000000000e+00,2.769499207552316711e-01,4.000000000000000000e+00
3.033745150091893272e-01,8.882015908410141325e-01,2.218750000000000000e+00,3.584462618038892767e-01,0.000000000000000000e+00
3.792512113167616494e-01,2.028279494454165166e-01,2.218750000000000000e+00,2.891230991596684952e-01,4.000000000000000000e+00
7.822762544786232564e-01,1.725037282091144708e-01,2.218750000000000000e+00,3.758053208141783896e-01,5.000000000000000000e+00
6.243108025321625343e-01,4.139722094434673538e-01,2.218750000000000000e+00,3.466641803653672804e-01,6.000000000000000000e+00
8.837460783039708945e-01,1.603204758032613364e-01,2.218750000000000000e+00,4.549328259160141941e-01,6.000000000000000000e+00
7.682347262702582391e-02,1.822220619770868466e-01,2.218750000000000000e+00,2.169647978371729569e-01,5.000000000000000000e+00
2.176541296155345695e-01,6.406230688336712609e-01,2.218750000000000000e+00,2.010681976517044167e-01,6.000000000000000000e+00
7.785958935897674404e-01,2.529182014979813320e-01,2.218750000000000000e+00,4.535885062633767117e-01,5.000000000000000000e+00
1.645534371693244402e-01,1.147660465799885954e-01,2.218750000000000000e+00,1.205210330343186309e-01,5.000000000000000000e+00
1.553896634303005564e-01,2.237215891642544974e-01,2.218750000000000000e+00,2.410640502094319737e-01,5.000000000000000000e+00
5.280343252826406042e-01,2.769585219131103226e-01,2.218750000000000000e+00,1.899788952427436117e-01,6.000000000000000000e+00
9.596250951417379937e-01,2.708240114897435546e-01,2.218750000000000000e+00,4.232446437918570004e-01,6.000000000000000000e+00
3.546489501921398779e-01,7.622447675515898746e-01,2.218750000000000000e+00,1.898581086716826516e-01,4.000000000000000000e+00
2.213901832290641747e-01,2.272678867898148547e-01,2.218750000000000000e+00,3.376873940059529899e-01,4.000000000000000000e+00
2.885973787290920245e-01,9.377237767651053213e-01,2.218750000000000000e+00,1.326288262561270415e-01,4.000000000000000000e+00
3.033745150091893272e-01,8.882015908410141325e-01,2.218750000000000000e+00,3.584462618038892767e-01,0.000000000000000000e+00
6.028992704253067769e-01,6.413706849144402700e-01,2.218750000000000000e+00,4.294058901415691021e-01,3.000000000000000000e+00
8.772532348190914542e-01,2.265254118989027676e-01,2.218750000000000000e+00,4.162577613671769039e-01,1.000000000000000000e+00
6.054541741697142543e-01,5.691447857534029930e-01,2.218750000000000000e+00,4.763582802268124805e-01,2.000000000000000000e+00
2.404719030204021113e-01,2.526148898970294043e-01,2.218750000000000000e+00,2.515066062714194084e-01,2.000000000000000000e+00
2.931618616221434159e-01,2.648602071260825475e-01,2.218750000000000000e+00,4.546279653903393947e-01,1.000000000000000000e+00
7.449946163699482371e-01,2.109497564057370989e-01,2.218750000000000000e+00,3.513096693575534224e-01,3.000000000000000000e+00
4.736132511556240265e-01,4.686799260910718412e-01,2.218750000000000000e+00,4.127383400899162780e-01,3.000000000000000000e+00
9.625860916702247971e-01,2.252950523310667252e-01,2.218750000000000000e+00,4.494566568181542765e-01,3.000000000000000000e+00
3.978827482503202173e-01,8.610486650692852351e-01,2.218750000000000000e+00,3.817275105431495730e-01,3.000000000000000000e+00
2.765793528505393062e-01,1.035152815272363941e-01,2.218750000000000000e+00,1.680807494367908828e-01,2.000000000000000000e+00
2.000830749809716647e-01,6.850062289891298284e-02,2.218750000000000000e+00,2.309939532219729974e-01,1.000000000000000000e+00
4.651758033675534310e-01,6.809029577738479055e-01,2.218750000000000000e+00,2.995368943767100500e-01,3.000000000000000000e+00
4.856776876380715646e-01,9.193184963683629363e-01,2.218750000000000000e+00,3.878824902697510235e-01,2.000000000000000000e+00
3.033745150091893272e-01,8.882015908410141325e-01,2.218750000000000000e+00,3.584462618038892767e-01,0.000000000000000000e+00
2.885973787290920245e-01,9.377237767651053213e-01,2.218750000000000000e+00,1.326288262561270415e-01,4.000000000000000000e+00
3.704958508920118410e-02,3.963639204540487793e-01,2.218750000000000000e+00,3.952480889935103270e-01,4.000000000000000000e+00
6.418122412608832927e-02,5.283441572202577374e-01,2.218750000000000000e+00,4.077212049587748688e-02,4.000000000000000000e+00
1.638062264466185192e-01,2.936345620690756220e-01,2.218750000000000000e+00,3.039240352658258426e-01,6.000000000000000000e+00
4.779874505727068623e-01,7.614397741586312884e-01,2.218750000000000000e+00,4.133714281032019877e-01,6.000000000000000000e+00
2.212115024040692823e-01,3.111465974267872414e-01,2.218750000000000000e+00,2.259183495385645168e-01,5.000000000000000000e+00
9.396058811517254972e-02,1.901786582680981275e-01,2.218750000000000000e+00,5.664902535101548064e-01,5.000000000000000000e+00
7.179302727087084612e-01,6.542496364083788540e-01,2.218750000000000000e+00,4.855504322017025753e-01,6.000000000000000000e+00
2.680026732507843623e-01,1.569408140143979391e-01,2.218750000000000000e+00,1.084424927640411929e-01,6.000000000000000000e+00
6.048253104869401042e-01,4.655348063116480084e-01,2.218750000000000000e+00,3.901087363791206353e-01,6.000000000000000000e+00
1.324465813949171067e-01,1.631127007124361372e-01,2.218750000000000000e+00,2.383420888063726151e-01,4.000000000000000000e+00
1.448707000575491510e-01,3.750188435341427762e-01,2.218750000000000000e+00,1.860092438320374852e-01,0.000000000000000000e+00
2.745952995340375513e-01,1.296989732254084093e-01,2.218750000000000000e+00,5.551724668326395162e-02,0.000000000000000000e+00
6.624812037054226277e-01,6.475326946115839144e-02,2.218750000000000000e+00,3.245309833413715372e-01,0.000000000000000000e+00
5.851124064826331850e-01,5.913762548521173112e-01,2.218750000000000000e+00,4.770056142697839396e-01,3.000000000000000000e+00
3.241107728293760593e-01,8.241644045387966910e-01,2.218750000000000000e+00,2.266826863399646896e-01,3.000000000000000000e+00
1.306736963261365958e-01,2.355099214603474378e-01,2.218750000000000000e+00,1.388300207187776192e-01,3.000000000000000000e+00
9.607435906956021121e-01,7.653603704937901320e-01,2.218750000000000000e+00,3.540493914400344444e-01,2.000000000000000000e+00
9.738337015241241845e-01,1.433726006200523873e-01,2.218750000000000000e+00,4.365371869153258366e-01,3.000000000000000000e+00
2.185893032840143246e-01,3.242938947960405938e-01,2.218750000000000000e+00,1.585083825659669154e-01,1.000000000000000000e+00
7.232558895056342418e-01,1.733257838514015714e-01,2.218750000000000000e+00,1.555360035393698048e-01,2.000000000000000000e+00
3.427887203668293914e-01,3.254362814967975970e-01,2.218750000000000000e+00,1.329477077873967572e-01,2.000000000000000000e+00
6.247215363766313034e-01,8.737944301100256106e-02,2.218750000000000000e+00,4.493744555420186582e-01,1.000000000000000000e+00
6.591698071175301765e-02,1.000000000000000000e+00,2.218750000000000000e+00,4.167567164423030546e-02,2.000000000000000000e+00
4.280960513858206307e-01,1.750488221499885422e-01,2.218750000000000000e+00,4.721276825405748001e-01,1.000000000000000000e+00
5.651883342306049940e-01,4.196601855762996935e-01,2.218750000000000000e+00,3.905506731408534549e-01,1.000000000000000000e+00
4.172638164367794555e-01,6.393699693871188749e-01,2.218750000000000000e+00,3.292221799145105821e-01,2.000000000000000000e+00
2.676174652384576969e-01,4.246551996930869599e-01,2.218750000000000000e+00,1.893505799256092470e-01,2.000000000000000000e+00
9.460662372138786136e-01,2.634098469955883370e-01,2.218750000000000000e+00,3.644050076466759380e-01,3.000000000000000000e+00
3.060338426123600519e-01,2.801287080133812446e-01,2.218750000000000000e+00,2.418613609735995040e-01,3.000000000000000000e+00
9.894485492045222985e-01,2.007351128528141737e-01,2.218750000000000000e+00,4.414734069443984610e-01,3.000000000000000000e+00
2.472989028533239264e-01,5.176292420510988368e-01,2.218750000000000000e+00,4.864911093535356779e-02,3.000000000000000000e+00
9.446646369762563833e-02,9.928877215156108882e-01,2.218750000000000000e+00,2.967995269376546563e-01,3.000000000000000000e+00
9.745437837637143108e-01,1.256194441833621833e-01,2.218750000000000000e+00,4.301878580761486770e-01,0.000000000000000000e+00
9.649483914084689973e-01,1.050905015124658365e-01,2.218750000000000000e+00,4.254081209162018928e-01,0.000000000000000000e+00
3.900207919505448428e-01,4.682799647699506518e-01,2.218750000000000000e+00,4.009470399845938005e-01,0.000000000000000000e+00
3.176596988880019401e-01,3.479044756093786495e-01,2.218750000000000000e+00,2.650550202469548755e-01,4.000000000000000000e+00
2.853068669129522617e-01,7.147262423676754572e-01,2.218750000000000000e+00,3.161257655321573212e-01,6.000000000000000000e+00
2.683345090686319878e-01,1.569408140143979391e-01,2.218750000000000000e+00,1.084424927640411929e-01,6.000000000000000000e+00
6.483979059535522893e-01,5.571773435926504758e-01,2.218750000000000000e+00,4.026901753634182235e-01,6.000000000000000000e+00
2.121660757049770862e-01,9.145819016379027611e-01,2.218750000000000000e+00,2.506360972148097277e-01,6.000000000000000000e+00
5.315568901182542438e-01,7.802588606981637476e-01,2.218750000000000000e+00,2.480021010009330895e-01,6.000000000000000000e+00
2.735510609464050225e-01,1.296989732254084093e-01,2.218750000000000000e+00,5.551724668326395162e-02,0.000000000000000000e+00
8.965786102808769309e-01,3.769143476128069548e-01,2.218750000000000000e+00,3.660239774587997763e-01,4.000000000000000000e+00
9.936672730985575130e-01,1.115917268712828259e-01,2.218750000000000000e+00,4.481590352199453786e-01,0.000000000000000000e+00
6.016972357844320163e-01,2.449195010044507848e-01,2.218750000000000000e+00,1.151995006057693199e-01,6.000000000000000000e+00
5.171440770787310015e-01,7.384448931540364969e-01,2.218750000000000000e+00,4.574222403994567254e-01,3.000000000000000000e+00
8.799914604488832948e-02,6.625135726170773287e-01,2.218750000000000000e+00,2.454084182294954120e-01,2.000000000000000000e+00
4.115924406408376091e-01,3.131537237576397792e-01,2.218750000000000000e+00,1.162962470529509407e-01,3.000000000000000000e+00
5.542516754228006270e-01,5.550614589271871679e-01,2.218750000000000000e+00,3.595936142711839145e-01,1.000000000000000000e+00
6.826930217015984015e-01,5.223291942191360393e-01,2.218750000000000000e+00,4.684568700265763774e-01,3.000000000000000000e+00
4.663755174782334145e-01,6.373891631782604428e-01,2.218750000000000000e+00,4.616117286125837604e-01,3.000000000000000000e+00
4.765997735162529891e-01,5.074014132476910577e-01,2.218750000000000000e+00,2.494242237464572576e-01,3.000000000000000000e+00
7.827148346854289063e-01,1.356222434088476536e-01,2.218750000000000000e+00,3.823424658240228702e-01,1.000000000000000000e+00
6.113900904078563986e-02,8.313155744795608371e-01,2.218750000000000000e+00,1.097730582586606135e-01,2.000000000000000000e+00
6.860972394972802979e-01,7.371089751947157431e-01,2.218750000000000000e+00,4.274691963233590020e-01,2.000000000000000000e+00
3.694260864722371807e-01,1.361468538687679863e-01,2.218750000000000000e+00,3.105601402418246004e-01,1.000000000000000000e+00
9.639807303172628350e-01,1.154166156306503793e-01,2.218750000000000000e+00,4.454075142791888431e-01,2.000000000000000000e+00
2.585766795997549439e-01,2.193356590476872314e-01,2.218750000000000000e+00,2.675263603303091320e-01,1.000000000000000000e+00
7.093628752297325146e-01,1.488856813397387013e-01,2.218750000000000000e+00,3.858011040665177971e-01,1.000000000000000000e+00
2.740662186496370945e-01,1.553778831745721845e-01,2.218750000000000000e+00,4.248717015362193927e-01,3.000000000000000000e+00
9.985264633263407630e-01,9.866295680983351579e-02,2.218750000000000000e+00,4.431888042551312412e-01,2.000000000000000000e+00
6.533568789797092879e-01,3.641308197772016308e-01,2.218750000000000000e+00,2.583172336409981784e-01,3.000000000000000000e+00
3.738095680100989582e-01,2.788287475094478052e-01,2.218750000000000000e+00,3.789742780344029088e-02,3.000000000000000000e+00
6.744969090537805689e-01,3.207185845648022893e-01,2.218750000000000000e+00,1.785125969300046245e-01,1.000000000000000000e+00
6.272787606512335579e-01,5.708715371310878472e-01,2.218750000000000000e+00,2.513516196882037423e-01,3.000000000000000000e+00
9.307321736870439732e-01,6.853581604157825691e-01,2.218750000000000000e+00,4.582613475843509976e-01,3.000000000000000000e+00
3.089693133087047516e-01,4.956132953121010765e-01,2.218750000000000000e+00,2.845005839582211427e-01,2.000000000000000000e+00
1.386841665583752603e-01,7.619308817266026157e-01,2.218750000000000000e+00,2.875399895488729429e-01,6.000000000000000000e+00
3.276797482688844632e-01,7.712058652097874001e-01,2.218750000000000000e+00,1.906455016864098406e-01,0.000000000000000000e+00
2.749085711103272933e-01,1.994525955272970774e-01,2.218750000000000000e+00,4.118358581519956929e-01,4.000000000000000000e+00
9.083831473815137114e-01,1.214898068709336781e-01,2.218750000000000000e+00,4.307172971784102300e-01,0.000000000000000000e+00
5.315568901182542438e-01,7.802588606981637476e-01,2.218750000000000000e+00,2.480021010009330895e-01,6.000000000000000000e+00
9.899196168340542723e-01,4.363776302829591031e-02,2.218750000000000000e+00,4.442833713229061288e-01,6.000000000000000000e+00
7.374853806597730932e-01,6.119457583932870204e-01,2.218750000000000000e+00,3.666182759040800265e-01,6.000000000000000000e+00
2.716853546698349553e-01,2.930237408681785616e-01,2.218750000000000000e+00,2.378532671877134352e-01,6.000000000000000000e+00
4.449106131768986727e-01,8.850021789082105350e-01,2.218750000000000000e+00,5.446958077233770013e-01,6.000000000000000000e+00
2.679910705998106435e-01,4.728679905071126455e-01,2.218750000000000000e+00,3.122820125798733693e-01,4.000000000000000000e+00
9.649483914084689973e-01,1.050905015124658365e-01,2.218750000000000000e+00,4.254081209162018928e-01,0.000000000000000000e+00
7.335961720533907826e-01,8.621160034583070786e-01,2.218750000000000000e+00,4.269795872366949907e-01,4.000000000000000000e+00
4.118964300963484093e-01,3.620931124962252223e-01,2.218750000000000000e+00,2.111204419208263794e-01,0.000000000000000000e+00
1.809270982234020830e-01,9.378537931447282761e-01,2.218750000000000000e+00,2.068767862041522021e-01,3.000000000000000000e+00
7.909921658900626040e-01,5.508953581522922915e-01,2.218750000000000000e+00,2.940887897569934364e-02,3.000000000000000000e+00
2.854136113019102861e-01,1.672682236430117486e-01,2.218750000000000000e+00,7.967151399787919530e-02,2.000000000000000000e+00
7.947328605639816246e-01,1.928670754023420475e-01,2.218750000000000000e+00,1.323668115896220188e-01,2.000000000000000000e+00
2.541630311693615640e-01,7.017977462809188438e-01,2.218750000000000000e+00,2.750494829508969841e-01,1.000000000000000000e+00
9.977885347244138670e-01,8.306328829091850219e-01,2.218750000000000000e+00,4.446051671666940708e-01,1.000000000000000000e+00
9.511226725082146949e-01,9.046403788298337245e-01,2.218750000000000000e+00,4.252663219551817142e-01,3.000000000000000000e+00
1.637853416748658864e-01,2.678635767137452772e-01,2.218750000000000000e+00,2.671602960426111006e-01,2.000000000000000000e+00
2.420429019622403199e-01,1.972223935785628601e-01,2.218750000000000000e+00,3.614276325472497997e-01,3.000000000000000000e+00
7.977518703473369666e-01,5.258341941910181783e-01,2.218750000000000000e+00,3.693979617412544436e-01,3.000000000000000000e+00
2.502204503685002135e-01,1.137369485774693822e-01,2.218750000000000000e+00,2.791824589832011538e-01,1.000000000000000000e+00
7.143612972692000573e-01,2.507563681457475324e-01,2.218750000000000000e+00,1.247671929877941233e-01,2.000000000000000000e+00
4.246686282881912966e-01,2.820468389546871291e-01,2.218750000000000000e+00,4.018975132467947353e-01,1.000000000000000000e+00
1.262298810032116136e-01,2.476873493047836716e-01,2.218750000000000000e+00,9.912617913549838511e-02,3.000000000000000000e+00
2.444864202573003853e-01,2.026740511995985539e-01,2.218750000000000000e+00,3.460793895991320923e-01,3.000000000000000000e+00
3.163648430393376509e-01,6.054901267962775613e-01,2.218750000000000000e+00,6.659017266797342960e-02,3.000000000000000000e+00
8.926476321309892992e-01,2.591410654640391997e-01,2.218750000000000000e+00,3.786184553333128977e-01,1.000000000000000000e+00
4.804031225054300469e-01,9.560229699927831337e-01,2.218750000000000000e+00,4.088139308491173796e-01,2.000000000000000000e+00
1.412274676518090744e-01,4.115969344450708389e-01,2.218750000000000000e+00,4.309735472388330213e-01,2.000000000000000000e+00
3.113200103959752885e-01,1.410221329842413773e-01,2.218750000000000000e+00,1.182892814035557266e-01,1.000000000000000000e+00
5.910506432509700092e-01,2.302053685510568881e-01,2.218750000000000000e+00,1.540828788413022288e-01,3.000000000000000000e+00
2.776235914381717795e-01,9.400296645660736194e-01,2.218750000000000000e+00,2.863504381234699414e-01,2.000000000000000000e+00
1.809270982234020830e-01,9.378537931447282761e-01,2.218750000000000000e+00,2.068767862041522021e-01,3.000000000000000000e+00
4.118964300963484093e-01,3.620931124962252223e-01,2.218750000000000000e+00,2.111204419208263794e-01,0.000000000000000000e+00
6.027252306607013832e-01,8.780548154219692814e-01,2.218750000000000000e+00,3.057015512830623116e-01,4.000000000000000000e+00
6.624812037054226277e-01,6.475326946115839144e-02,2.218750000000000000e+00,3.245309833413715372e-01,0.000000000000000000e+00
5.315568901182542438e-01,7.802588606981637476e-01,2.218750000000000000e+00,2.480021010009330895e-01,6.000000000000000000e+00
2.714254552880241977e-01,2.930237408681785616e-01,2.218750000000000000e+00,2.378532671877134352e-01,6.000000000000000000e+00
2.166771864035494932e-01,8.171992011920259369e-01,2.218750000000000000e+00,4.269949572070455557e-01,6.000000000000000000e+00
6.483979059535522893e-01,5.571773435926504758e-01,2.218750000000000000e+00,4.026901753634182235e-01,6.000000000000000000e+00
3.044628436705218433e-01,1.365642955223232979e-01,2.218750000000000000e+00,3.158942755211870956e-01,5.000000000000000000e+00
2.766930588300814953e-01,7.162127837335144909e-01,2.218750000000000000e+00,2.134225523382795309e-01,6.000000000000000000e+00
5.391334212040767015e-01,4.666009794759891638e-01,2.218750000000000000e+00,4.624488600334986654e-01,6.000000000000000000e+00
2.009950433475040377e-01,3.443594703988390182e-01,2.218750000000000000e+00,3.106933258419748434e-01,0.000000000000000000e+00
6.027252306607013832e-01,8.780548154219692814e-01,2.218750000000000000e+00,3.057015512830623116e-01,4.000000000000000000e+00
4.118964300963484093e-01,3.620931124962252223e-01,2.218750000000000000e+00,2.111204419208263794e-01,0.000000000000000000e+00
6.624812037054226277e-01,6.475326946115839144e-02,2.218750000000000000e+00,3.245309833413715372e-01,0.000000000000000000e+00
9.979857797909665873e-01,1.306999399544132301e-01,2.218750000000000000e+00,4.470388897038421461e-01,3.000000000000000000e+00
6.365353555980470812e-01,4.642259932779016496e-01,2.218750000000000000e+00,3.408567908170878069e-01,3.000000000000000000e+00
4.804031225054300469e-01,9.560229699927831337e-01,2.218750000000000000e+00,4.088139308491173796e-01,2.000000000000000000e+00
7.028166595503740899e-01,3.411192562680405160e-01,2.218750000000000000e+00,4.057459915569190390e-01,1.000000000000000000e+00
1.132233092617001141e-01,5.016737351539415357e-01,2.218750000000000000e+00,7.096383624977106730e-02,1.000000000000000000e+00
3.069272467373345692e-01,2.331296237870242039e-01,2.218750000000000000e+00,1.946249089210558836e-01,2.000000000000000000e+00
3.833260623387231281e-01,2.441359634689093949e-01,2.218750000000000000e+00,3.665254188189109308e-01,2.000000000000000000e+00
6.002399428221359967e-01,1.934374635600924763e-01,2.218750000000000000e+00,2.324491311620219824e-01,3.000000000000000000e+00
2.420429019622403199e-01,1.972223935785628601e-01,2.218750000000000000e+00,3.614276325472497997e-01,3.000000000000000000e+00
7.272355987896114149e-01,6.109309474369545301e-01,2.218750000000000000e+00,3.170979908635301880e-01,3.000000000000000000e+00
8.665439879703714654e-01,2.421205670439359747e-01,2.218750000000000000e+00,4.447927022629676319e-01,2.000000000000000000e+00
1.640057920433660721e-01,7.480176713874399086e-01,2.218750000000000000e+00,2.838329982245330063e-01,3.000000000000000000e+00
4.131541574618968760e-01,9.314042524059736039e-02,2.218750000000000000e+00,3.060899461376055397e-01,1.000000000000000000e+00
1.952633337664989588e-01,1.366408718798095001e-01,2.218750000000000000e+00,1.639201790287860283e-01,2.000000000000000000e+00
6.189666214936788702e-01,5.962667531243637242e-01,2.218750000000000000e+00,3.050701378812453735e-01,2.000000000000000000e+00
2.369841461377095448e-01,1.057910920379852432e-01,2.218750000000000000e+00,1.961116990971529528e-01,1.000000000000000000e+00
6.365353555980470812e-01,4.642259932779016496e-01,2.218750000000000000e+00,3.408567908170878069e-01,3.000000000000000000e+00
7.996616666976070764e-01,7.161760965182218941e-01,2.218750000000000000e+00,3.700639711972416590e-01,3.000000000000000000e+00
6.624812037054226277e-01,6.475326946115839144e-02,2.218750000000000000e+00,3.245309833413715372e-01,0.000000000000000000e+00
4.118964300963484093e-01,3.620931124962252223e-01,2.218750000000000000e+00,2.111204419208263794e-01,0.000000000000000000e+00
6.027252306607013832e-01,8.780548154219692814e-01,2.218750000000000000e+00,3.057015512830623116e-01,4.000000000000000000e+00
3.384261236007202744e-01,1.550482449473582491e-01,2.218750000000000000e+00,2.692117902047030387e-01,0.000000000000000000e+00
2.695133384075593663e-01,1.569408140143979391e-01,2.218750000000000000e+00,1.084424927640411929e-01,6.000000000000000000e+00
5.075788516160172348e-01,1.173239055199017389e-01,2.218750000000000000e+00,2.580090050051713213e-01,5.000000000000000000e+00
1.617131082109640461e-01,7.478514494077884711e-01,2.218750000000000000e+00,7.209070998539006403e-02,6.000000000000000000e+00
6.483979059535522893e-01,5.571773435926504758e-01,2.218750000000000000e+00,4.026901753634182235e-01,6.000000000000000000e+00
5.394629364917296055e-01,5.082160842853999938e-01,2.218750000000000000e+00,4.746733731803883249e-01,6.000000000000000000e+00
8.518248649451426457e-01,8.001556662191419145e-01,2.218750000000000000e+00,4.366911835996320143e-03,6.000000000000000000e+00
2.333432342621642175e-01,4.963521927059347943e-02,2.218750000000000000e+00,2.956669349940377334e-01,5.000000000000000000e+00
9.009644123489334300e-01,2.590963986976292377e-01,2.218750000000000000e+00,3.928431783029616708e-01,5.000000000000000000e+00
2.027052741010265946e-01,2.930620588177015873e-01,2.218750000000000000e+00,1.086839512667113899e-01,6.000000000000000000e+00
3.384261236007202744e-01,1.550482449473582491e-01,2.218750000000000000e+00,2.692117902047030387e-01,0.000000000000000000e+00
5.213163903688714518e-01,3.047020438960807431e-01,2.218750000000000000e+00,2.161714430268340814e-01,6.000000000000000000e+00
5.414121818553102594e-01,2.518312521723572450e-01,2.218750000000000000e+00,1.795387580554623219e-01,0.000000000000000000e+00
3.296521989344125547e-01,1.323393903324704968e-01,2.218750000000000000e+00,1.867592178269983361e-01,0.000000000000000000e+00
8.074656097425140233e-01,4.791687013190056854e-01,2.218750000000000000e+00,4.116008387183522910e-01,2.000000000000000000e+00
9.922772755119089183e-01,1.472812192320856750e-01,2.218750000000000000e+00,4.263744883744788328e-01,2.000000000000000000e+00
7.655150648820242543e-01,8.033581216448741902e-01,2.218750000000000000e+00,4.531647999615824318e-01,3.000000000000000000e+00
9.703923552453264101e-01,8.905117017293566750e-01,2.218750000000000000e+00,4.110112391557970146e-01,3.000000000000000000e+00
2.420429019622403199e-01,1.972223935785628601e-01,2.218750000000000000e+00,3.614276325472497997e-01,6.000000000000000000e+00
7.559614420702842619e-01,2.237826237461476020e-01,2.218750000000000000e+00,4.556333638769087813e-01,2.000000000000000000e+00
4.958068019381068336e-01,7.339063071645923753e-01,2.218750000000000000e+00,2.591344307693410065e-01,3.000000000000000000e+00
4.244435368593016400e-01,1.274503109959907732e-01,2.218750000000000000e+00,2.821269525047081506e-01,1.000000000000000000e+00
3.242337609296971901e-01,1.791458078023375200e-01,2.218750000000000000e+00,4.683431486843294134e-01,2.000000000000000000e+00
9.666632632223810806e-02,2.526170304832086599e-01,2.218750000000000000e+00,3.189088488986004943e-01,2.000000000000000000e+00
1.116035791857723641e-01,3.323071108258189299e-01,2.218750000000000000e+00,4.614317431295017480e-01,1.000000000000000000e+00
9.819857240982419189e-01,1.652251006687360246e-01,2.218750000000000000e+00,4.524893223011318688e-01,2.000000000000000000e+00
9.771590212931851038e-01,9.944128894101537941e-02,2.218750000000000000e+00,4.244772955624813715e-01,1.000000000000000000e+00
3.113942673622069335e-01,6.224300115386821597e-01,2.218750000000000000e+00,2.690869677688422779e-01,1.000000000000000000e+00
2.693555423543171345e-01,5.956336084738388381e-01,2.218750000000000000e+00,2.681614382962326792e-01,2.000000000000000000e+00
4.843410622459019543e-01,6.872999682972402713e-01,2.218750000000000000e+00,3.826381491172325400e-01,2.000000000000000000e+00
9.203872500788979893e-01,2.972757242574741166e-01,2.218750000000000000e+00,3.441802077379887970e-01,3.000000000000000000e+00
7.272355987896114149e-01,6.109309474369545301e-01,2.218750000000000000e+00,3.170979908635301880e-01,6.000000000000000000e+00
5.635036293092245963e-01,2.630103407408562188e-01,2.218750000000000000e+00,3.298255082775368163e-01,3.000000000000000000e+00
7.801692130618003151e-01,7.032899631458854328e-01,2.218750000000000000e+00,3.229717151386765073e-01,2.000000000000000000e+00
7.808676926504167781e-01,4.987164807766898966e-01,2.218750000000000000e+00,4.005079666494264501e-01,3.000000000000000000e+00
2.277902055061540587e-01,8.881677908135661159e-01,2.218750000000000000e+00,3.821208829364074466e-01,2.000000000000000000e+00
3.296521989344125547e-01,1.323393903324704968e-01,2.218750000000000000e+00,1.867592178269983361e-01,0.000000000000000000e+00
5.414121818553102594e-01,2.518312521723572450e-01,2.218750000000000000e+00,1.795387580554623219e-01,0.000000000000000000e+00
5.008934041249745173e-01,1.766534537064577692e-01,2.218750000000000000e+00,1.967421378646045382e-01,6.000000000000000000e+00
4.246314998050754741e-01,2.756805476355390083e-01,2.218750000000000000e+00,2.477001480903696928e-01,0.000000000000000000e+00
2.681999183173371382e-01,1.569408140143979391e-01,2.218750000000000000e+00,1.084424927640411929e-01,6.000000000000000000e+00
7.786933558579464121e-01,4.645287527055910193e-01,2.218750000000000000e+00,2.950140905130633207e-01,6.000000000000000000e+00
7.945495386785972336e-01,1.799866676545185673e-01,2.218750000000000000e+00,2.613390467358227554e-01,6.000000000000000000e+00
7.622222325356897699e-01,5.264083653261153462e-01,2.218750000000000000e+00,3.450317319280186146e-01,6.000000000000000000e+00
7.846687211093991143e-01,2.404090598081858321e-01,2.218750000000000000e+00,2.345583982156911051e-01,5.000000000000000000e+00
1.017181205561846769e-01,3.227353821375733567e-01,2.218750000000000000e+00,2.570041294335559945e-01,0.000000000000000000e+00
1.386841665583752603e-01,7.619308817266026157e-01,2.218750000000000000e+00,2.875399895488729429e-01,6.000000000000000000e+00
2.725323481909146528e-01,1.267756938440180170e-01,2.218750000000000000e+00,1.019432554739028995e-02,0.000000000000000000e+00
4.907712514155234129e-01,7.921621238914650087e-01,2.218750000000000000e+00,4.831087160599583097e-01,6.000000000000000000e+00
2.679910705998106435e-01,4.728679905071126455e-01,2.218750000000000000e+00,3.122820125798733693e-01,4.000000000000000000e+00
3.653976460541704663e-01,4.768820193302351629e-01,2.218750000000000000e+00,5.352813659746554764e-01,2.000000000000000000e+00
1.615228247349954627e-01,7.901212826465513483e-01,2.218750000000000000e+00,3.157502938017334865e-02,2.000000000000000000e+00
1.269167579408543300e-01,4.460465532438643854e-01,2.218750000000000000e+00,1.030481667979163962e-01,3.000000000000000000e+00
5.112684946256520480e-01,1.066526691814218553e-01,2.218750000000000000e+00,3.303005158102890748e-01,1.000000000000000000e+00
1.889445300462249677e-01,3.497504528152107217e-01,2.218750000000000000e+00,1.201909403015311018e-01,3.000000000000000000e+00
4.619293816251137108e-01,1.073756703425766817e-01,2.218750000000000000e+00,6.308108912014057101e-02,6.000000000000000000e+00
1.106962518796294620e-01,1.796907936406173523e-01,2.218750000000000000e+00,1.591114853353077230e-01,1.000000000000000000e+00
4.893394842853694970e-01,1.109374440473014645e-01,2.218750000000000000e+00,4.472360562288870689e-01,3.000000000000000000e+00
9.286390554513895834e-01,1.396521708613623347e-01,2.218750000000000000e+00,4.201362096197286400e-01,2.000000000000000000e+00
4.116527744259008137e-01,3.131537237576397792e-01,2.218750000000000000e+00,1.162962470529509407e-01,2.000000000000000000e+00
1.359018508548833215e-01,0.000000000000000000e+00,2.218750000000000000e+00,1.876145077940893080e-01,2.000000000000000000e+00
3.280904821133532323e-01,4.527178291015216405e-01,2.218750000000000000e+00,2.861172685105780600e-01,1.000000000000000000e+00
3.609839976237770864e-01,2.401854512927536212e-01,2.218750000000000000e+00,4.145614413190802927e-01,3.000000000000000000e+00
1.783466686468524465e-01,1.206799646203277898e-01,2.218750000000000000e+00,1.171932971820711378e-01,1.000000000000000000e+00
5.414005792043365961e-01,8.392737444033280259e-01,2.218750000000000000e+00,4.371667289050804039e-01,2.000000000000000000e+00
7.399590658473648164e-01,5.911167470397571400e-01,2.218750000000000000e+00,5.066006540342417042e-01,6.000000000000000000e+00
2.779995173297195032e-01,2.405921219756705087e-01,2.218750000000000000e+00,2.907797656467705494e-01,3.000000000000000000e+00
8.681985259992203163e-01,8.825653008043266023e-02,2.218750000000000000e+00,4.427683417187849302e-01,1.000000000000000000e+00
3.829292516754227993e-01,3.449228438634455163e-01,2.218750000000000000e+00,5.641511475705595670e-03,3.000000000000000000e+00
8.797362021274621191e-02,6.625135726170773287e-01,2.218750000000000000e+00,2.456210294006119510e-01,2.000000000000000000e+00
3.653976460541704663e-01,4.768820193302351629e-01,2.218750000000000000e+00,5.352813659746554764e-01,2.000000000000000000e+00
2.679910705998106435e-01,4.728679905071126455e-01,2.218750000000000000e+00,3.122820125798733693e-01,4.000000000000000000e+00
2.685549594371322013e-01,1.569408140143979391e-01,2.218750000000000000e+00,1.084424927640411929e-01,6.000000000000000000e+00
2.725323481909146528e-01,1.267756938440180170e-01,2.218750000000000000e+00,1.019432554739028995e-02,0.000000000000000000e+00
4.416989993873800535e-01,6.831689673792217254e-01,2.218750000000000000e+00,4.814453555590237910e-01,6.000000000000000000e+00
5.414121818553102594e-01,2.518312521723572450e-01,2.218750000000000000e+00,1.795387580554623219e-01,0.000000000000000000e+00
2.223369595485176486e-01,1.203388437729477900e-01,2.218750000000000000e+00,2.995222185559555106e-01,5.000000000000000000e+00
7.225017171923441284e-01,2.461321168588064823e-01,2.218750000000000000e+00,3.176526193067515380e-01,6.000000000000000000e+00
6.731927710843373935e-01,6.076461845246560189e-01,2.218750000000000000e+00,4.174085668064253518e-01,6.000000000000000000e+00
9.905113520337126554e-01,7.073276390178903639e-02,2.218750000000000000e+00,4.551031340158569471e-01,5.000000000000000000e+00
2.756743460745911256e-01,7.537711940100824126e-01,2.218750000000000000e+00,1.762053769588930452e-01,6.000000000000000000e+00
2.357844320270295335e-01,2.313322505078934666e-01,2.218750000000000000e+00,5.301845942448110138e-01,6.000000000000000000e+00
2.410218686765552287e-01,8.832146340237426729e-01,2.218750000000000000e+00,5.740138703904753420e-02,0.000000000000000000e+00
9.864132957098037391e-01,1.451161913909354284e-01,2.218750000000000000e+00,4.226142639604019147e-01,0.000000000000000000e+00
5.735120760391334560e-01,8.932502906077500748e-01,2.218750000000000000e+00,2.680145798114645372e-01,6.000000000000000000e+00
4.232438227486216009e-01,1.732690865966840243e-01,2.218750000000000000e+00,3.717642653971565125e-01,2.000000000000000000e+00
9.922772755119089183e-01,1.472812192320856750e-01,2.218750000000000000e+00,4.263744883744788328e-01,2.000000000000000000e+00
7.923682402955427306e-02,1.041260292852809605e-01,2.218750000000000000e+00,1.035883998406322004e-01,2.000000000000000000e+00
9.780083353444595229e-01,2.015740494357329826e-01,2.218750000000000000e+00,4.415836465085302698e-01,1.000000000000000000e+00
6.712365641301724084e-01,8.115676465317644972e-01,2.218750000000000000e+00,3.272442582815927037e-01,3.000000000000000000e+00
4.581886869511946347e-01,4.737773406398815279e-01,2.218750000000000000e+00,3.005026384006703188e-01,1.000000000000000000e+00
9.607435906956021121e-01,7.653603704937901320e-01,2.218750000000000000e+00,3.540493914400344444e-01,2.000000000000000000e+00
9.922099801362614935e-01,1.303223383920736056e-01,2.218750000000000000e+00,4.503025774910329737e-01,3.000000000000000000e+00
9.036863942673621919e-01,2.764891881746247004e-01,2.218750000000000000e+00,4.094506591481812396e-01,1.000000000000000000e+00
2.372092375665992292e-01,4.146089527425810828e-01,2.218750000000000000e+00,4.298621522273362583e-01,3.000000000000000000e+00
4.128478474761913541e-01,6.714509811776594450e-01,2.218750000000000000e+00,8.064828854277582559e-01,6.000000000000000000e+00
4.824034195332949637e-01,2.943790076119092158e-01,2.218750000000000000e+00,4.811277685965406059e-01,3.000000000000000000e+00
9.958044814079121121e-01,1.265496317472690202e-01,2.218750000000000000e+00,4.538522062094208498e-01,1.000000000000000000e+00
9.991158779958044800e-01,1.088533285730329536e-01,2.218750000000000000e+00,4.475909981083161515e-01,3.000000000000000000e+00
2.437670558969313173e-01,8.055183333685532465e-02,2.218750000000000000e+00,2.750622251399903462e-01,1.000000000000000000e+00
5.402588783485250401e-01,5.797191943696884397e-01,2.218750000000000000e+00,2.301199452695272818e-01,3.000000000000000000e+00
3.422155494087288918e-01,3.254362814967975970e-01,2.218750000000000000e+00,1.329477077873967572e-01,2.000000000000000000e+00
9.941128148959473831e-01,1.519524309468128220e-01,2.218750000000000000e+00,4.424129922804185266e-01,2.000000000000000000e+00
4.430843559136391496e-01,5.777222522525728987e-01,2.218750000000000000e+00,4.355746736682132303e-01,1.000000000000000000e+00
8.778333673677761462e-02,6.625135726170773287e-01,2.218750000000000000e+00,2.456210294006119510e-01,2.000000000000000000e+00
4.241488295245697815e-01,1.732690865966840243e-01,2.218750000000000000e+00,3.717642653971565125e-01,2.000000000000000000e+00
5.735120760391334560e-01,8.932502906077500748e-01,2.218750000000000000e+00,2.680145798114645372e-01,6.000000000000000000e+00
9.864132957098037391e-01,1.451161913909354284e-01,2.218750000000000000e+00,4.226142639604019147e-01,0.000000000000000000e+00
4.022662297881819948e-01,6.792186795030085156e-01,2.218750000000000000e+00,7.942562541842147494e-01,6.000000000000000000e+00
2.410218686765552287e-01,8.832146340237426729e-01,2.218750000000000000e+00,5.740138703904753420e-02,0.000000000000000000e+00
4.844686914066125838e-01,7.973511076139790932e-01,2.218750000000000000e+00,4.788126186884053004e-01,6.000000000000000000e+00
5.012043551710695377e-01,4.988103162151670822e-01,2.218750000000000000e+00,3.778618713218789837e-01,6.000000000000000000e+00
3.259184658510776433e-01,2.913512406372594232e-01,2.218750000000000000e+00,3.137093988784624976e-01,5.000000000000000000e+00
2.680769302170160073e-01,1.569408140143979391e-01,2.218750000000000000e+00,1.084424927640411929e-01,6.000000000000000000e+00
2.120616518462138111e-01,2.357972964535564042e-01,2.218750000000000000e+00,2.238873624978663657e-01,5.000000000000000000e+00
3.207692093489520335e-01,7.312562054221812824e-01,2.218750000000000000e+00,3.440509269840493767e-01,6.000000000000000000e+00
4.381509087196242547e-01,1.313676221269040323e-01,2.218750000000000000e+00,1.462390095554345903e-01,0.000000000000000000e+00
4.147646054170456842e-01,4.599334519296848223e-01,2.218750000000000000e+00,3.154433084246686114e-01,6.000000000000000000e+00
9.864132957098037391e-01,1.451161913909354284e-01,2.218750000000000000e+00,4.226142639604019147e-01,0.000000000000000000e+00
5.735120760391334560e-01,8.932502906077500748e-01,2.218750000000000000e+00,2.680145798114645372e-01,6.000000000000000000e+00
1.146759611636066628e-01,1.628744023068273983e-01,2.218750000000000000e+00,2.573181610223762017e-01,0.000000000000000000e+00
9.965099225871126842e-01,1.366981813333033313e-01,2.218750000000000000e+00,4.437995042544040647e-01,2.000000000000000000e+00
1.465484433883453563e-01,4.235784148999758303e-01,2.218750000000000000e+00,2.750611157571525300e-02,3.000000000000000000e+00
6.466807136094454567e-01,3.804563611382791311e-01,2.218750000000000000e+00,2.962315813416185883e-01,2.000000000000000000e+00
9.894485492045222985e-01,2.007351128528141737e-01,2.218750000000000000e+00,4.414734069443984610e-01,2.000000000000000000e+00
5.057038632186682259e-01,2.182179428200497207e-01,2.218750000000000000e+00,4.312859702345542279e-01,1.000000000000000000e+00
2.454587224088959907e-01,2.736370141323959948e-01,2.218750000000000000e+00,3.239037248582530282e-01,1.000000000000000000e+00
8.512192065643158223e-01,4.092908874782194006e-01,2.218750000000000000e+00,3.536513217624481231e-01,2.000000000000000000e+00
6.581742996639872167e-01,1.334445226284045327e-01,2.218750000000000000e+00,0.000000000000000000e+00,2.000000000000000000e+00
3.829292516754227993e-01,3.449228438634455163e-01,2.218750000000000000e+00,5.641511475705595670e-03,3.000000000000000000e+00
9.986865799097778551e-02,1.914225846966907396e-01,2.218750000000000000e+00,2.714177865369247211e-01,6.000000000000000000e+00
1.264549724321012980e-01,8.248705981753252647e-01,2.218750000000000000e+00,1.529544155124608618e-01,3.000000000000000000e+00
6.581742996639872167e-01,1.334445226284045327e-01,2.218750000000000000e+00,0.000000000000000000e+00,3.000000000000000000e+00
5.518731319731932095e-01,1.181345285228113523e-01,2.218750000000000000e+00,1.604846526980777677e-01,2.000000000000000000e+00
5.083562292312547859e-01,6.114678289356451080e-02,2.218750000000000000e+00,4.012680635732236434e-01,6.000000000000000000e+00
3.829292516754227993e-01,3.449228438634455163e-01,2.218750000000000000e+00,5.641511475705595670e-03,3.000000000000000000e+00
3.154435925520263084e-01,2.129352909013769168e-01,2.218750000000000000e+00,2.880269018820527105e-01,1.000000000000000000e+00
9.490968496482076189e-01,1.153551103227583863e-01,2.218750000000000000e+00,4.280531033345355008e-01,2.000000000000000000e+00
2.883189151057233279e-01,7.156002464897915916e-01,2.218750000000000000e+00,2.736526826757582631e-01,2.000000000000000000e+00
2.314891306365678414e-01,2.776483938325690071e-01,2.218750000000000000e+00,4.403206905566503515e-01,1.000000000000000000e+00
8.811145970631369950e-01,7.175241436279591323e-01,2.218750000000000000e+00,5.106116731326491021e-01,2.000000000000000000e+00
8.422666010730132102e-01,8.129591802944905465e-01,2.218750000000000000e+00,4.540923394047934880e-01,2.000000000000000000e+00
9.894485492045222985e-01,2.007351128528141737e-01,2.218750000000000000e+00,4.414734069443984610e-01,3.000000000000000000e+00
3.379063248370987593e-01,4.976927650190813845e-01,2.218750000000000000e+00,3.082720309687416171e-01,6.000000000000000000e+00
2.725323481909146528e-01,1.267756938440180170e-01,2.218750000000000000e+00,1.019432554739028995e-02,0.000000000000000000e+00
2.291964468041658154e-01,1.200546851352790878e-01,2.218750000000000000e+00,1.848067736990222643e-01,6.000000000000000000e+00
1.437197170809586533e-01,1.863744801868152945e-01,2.218750000000000000e+00,2.717728752114099700e-01,0.000000000000000000e+00
9.949667700076113563e-01,2.408224943923989725e-01,2.218750000000000000e+00,4.037540755281784355e-01,6.000000000000000000e+00
3.966644698980822947e-01,4.945815534369314426e-01,2.218750000000000000e+00,4.618415474411865507e-01,6.000000000000000000e+00
4.221346093155364243e-01,7.449146763748500100e-02,2.218750000000000000e+00,2.831730484492260280e-01,5.000000000000000000e+00
7.102980488982122420e-01,5.965473135568299945e-01,2.218750000000000000e+00,4.899968283300445981e-02,6.000000000000000000e+00
3.080619860025618495e-01,1.560255112352347262e-01,2.218750000000000000e+00,2.285852834430198988e-01,6.000000000000000000e+00
6.242411866263203324e-01,6.691312265706785833e-01,2.218750000000000000e+00,4.834998221788403550e-01,6.000000000000000000e+00
1.354586295876882007e-01,2.216556065559257271e-01,2.218750000000000000e+00,2.582131231185186837e-01,5.000000000000000000e+00
1.891046466296619488e-01,2.245243137390023902e-01,2.218750000000000000e+00,7.080574826477256112e-01,5.000000000000000000e+00
2.750524439824010847e-01,7.751998375939699315e-01,2.218750000000000000e+00,2.533799218210345261e-01,4.000000000000000000e+00
1.536678300258043084e-01,9.497649094868449993e-01,2.218750000000000000e+00,7.315450261651434971e-02,4.000000000000000000e+00
5.532236805465312601e-01,4.557210332666076225e-01,2.218750000000000000e+00,1.247581691951320654e-01,3.000000000000000000e+00
2.300596840366086748e-01,3.673276023929578082e-01,2.218750000000000000e+00,1.532781746978179316e-01,1.000000000000000000e+00
3.258581320660144387e-01,1.508210543500863587e-01,2.218750000000000000e+00,1.472543837674865908e-01,3.000000000000000000e+00
7.000366643770769004e-01,2.151692652164784447e-01,2.218750000000000000e+00,4.512941668154166197e-01,2.000000000000000000e+00
3.357412701654073905e-01,4.479722360589015184e-01,2.218750000000000000e+00,1.169746918238583622e-01,3.000000000000000000e+00
1.099374385059498360e-01,1.179912953738721376e-01,2.218750000000000000e+00,1.878143623363567882e-01,2.000000000000000000e+00
1.798921417565485237e-01,7.513682558885761420e-01,2.218750000000000000e+00,1.000000000000000000e+00,3.000000000000000000e+00
3.251434087660348693e-01,3.815717813183521767e-01,2.218750000000000000e+00,2.281382487544601212e-01,2.000000000000000000e+00
4.630339539978094443e-01,6.436967536409504698e-01,2.218750000000000000e+00,4.412192595524259686e-01,2.000000000000000000e+00
3.796874709933725778e-01,2.753188516756300275e-01,2.218750000000000000e+00,5.129295452189851501e-01,3.000000000000000000e+00
9.397799209163310019e-01,1.861796010970019621e-01,2.218750000000000000e+00,3.442371246635519966e-01,1.000000000000000000e+00
6.026370505133012978e-01,3.128681080119318780e-01,2.218750000000000000e+00,2.594066042389782112e-01,4.000000000000000000e+00
2.750524439824010847e-01,7.751998375939699315e-01,2.218750000000000000e+00,2.533799218210345261e-01,4.000000000000000000e+00
6.920958100506803268e-01,5.548689303037122045e-01,2.218750000000000000e+00,2.784717525314620579e-01,4.000000000000000000e+00
2.718385096626877440e-01,1.084464318418318085e-01,2.218750000000000000e+00,9.713621249268471203e-02,5.000000000000000000e+00
7.762405554421074327e-02,3.429637646043183774e-01,2.218750000000000000e+00,1.204711020220931711e-01,5.000000000000000000e+00
3.226813262294169204e-01,6.061351789252129585e-01,2.218750000000000000e+00,3.912174083803020008e-01,6.000000000000000000e+00
3.522889709840904549e-01,2.551867494300985029e-01,2.218750000000000000e+00,3.791804538570691663e-01,6.000000000000000000e+00
6.314139454582583522e-01,5.818650914327641033e-01,2.218750000000000000e+00,3.319587710969756356e-01,6.000000000000000000e+00
6.779243321514099030e-01,5.934246308931088176e-01,2.218750000000000000e+00,3.609974509857755698e-01,5.000000000000000000e+00
2.882168117771548577e-01,1.253625110104435447e-01,2.218750000000000000e+00,8.308469459481788999e-02,6.000000000000000000e+00
7.708290790279762605e-01,2.659506803244157669e-01,2.218750000000000000e+00,3.387343217436353249e-01,5.000000000000000000e+00
1.000000000000000000e+00,1.370264125095886076e-01,2.218750000000000000e+00,4.449922362229295492e-01,5.000000000000000000e+00
9.956281211131119413e-01,2.206353200633630052e-01,2.218750000000000000e+00,4.555930949771261340e-01,4.000000000000000000e+00
6.920958100506803268e-01,5.548689303037122045e-01,2.218750000000000000e+00,2.784717525314620579e-01,4.000000000000000000e+00
9.780385022369910697e-01,8.867497078548856881e-02,2.218750000000000000e+00,4.311594356175569853e-01,2.000000000000000000e+00
3.303831659457552861e-01,5.577914846945539740e-01,2.218750000000000000e+00,9.639093138100905678e-02,3.000000000000000000e+00
3.682727829654519613e-01,8.343174107528360528e-01,2.218750000000000000e+00,3.260880294315409156e-01,3.000000000000000000e+00
3.725959307182504787e-01,2.636788453196585169e-01,2.218750000000000000e+00,9.591746282266812307e-02,2.000000000000000000e+00
3.728372658585033528e-01,5.039545966828993251e-01,2.218750000000000000e+00,3.150583028050783496e-01,2.000000000000000000e+00
3.759073273061429021e-01,8.279952491771624956e-01,2.218750000000000000e+00,1.998517959147882717e-01,2.000000000000000000e+00
3.015923478196298468e-01,9.438313213571311033e-01,2.218750000000000000e+00,3.644091271966379830e-01,2.000000000000000000e+00
5.844278500751851624e-01,2.353273561600284780e-01,2.218750000000000000e+00,3.952949753737887706e-01,3.000000000000000000e+00
1.423506042660627191e-01,5.839147980571247620e-01,2.218750000000000000e+00,2.309146371477371062e-01,2.000000000000000000e+00
2.415068594872556429e-01,7.848158464480674557e-01,2.218750000000000000e+00,4.655078946378991556e-01,3.000000000000000000e+00
6.920958100506803268e-01,5.548689303037122045e-01,2.218750000000000000e+00,2.784717525314620579e-01,4.000000000000000000e+00
1.953723986856517048e-01,2.947736108268915189e-01,2.218750000000000000e+00,3.213796268102418474e-01,4.000000000000000000e+00
5.729389050810329564e-01,1.234073469904189979e-01,2.218750000000000000e+00,4.550999561663147119e-01,5.000000000000000000e+00
4.667398407188074194e-01,3.378081582549125050e-01,2.218750000000000000e+00,1.616514424487100754e-01,6.000000000000000000e+00
1.213196391111441147e-01,1.420341180984678042e-01,2.218750000000000000e+00,2.739836777518107613e-01,5.000000000000000000e+00
2.763983514953496368e-01,8.636307151444990726e-01,2.218750000000000000e+00,2.235978104435890623e-01,6.000000000000000000e+00
9.953241316576011410e-01,2.213542250665417044e-01,2.218750000000000000e+00,4.485849211968534478e-01,6.000000000000000000e+00
3.641677650509588249e-01,3.067538949909359713e-01,2.218750000000000000e+00,2.304791791971205761e-01,5.000000000000000000e+00
1.204517608183117705e-01,1.190720674996039868e-01,2.218750000000000000e+00,2.831265427993114314e-01,5.000000000000000000e+00
2.284933261551599371e-01,2.803296555196291284e-01,2.218750000000000000e+00,4.390665303748189641e-01,6.000000000000000000e+00
1.054889821226353830e-01,1.755558075816256447e-01,2.218750000000000000e+00,1.751265191929831655e-01,5.000000000000000000e+00
4.142053576401136250e-01,8.791711850322366795e-01,2.218750000000000000e+00,2.885939463474901934e-01,6.000000000000000000e+00
8.002812482596023402e-01,1.228602966924766948e-01,2.218750000000000000e+00,4.214090759413059439e-01,6.000000000000000000e+00
8.798058180333041822e-02,1.581162767597002472e-01,2.218750000000000000e+00,2.527793589163072618e-01,5.000000000000000000e+00
1.977463010748695960e-01,3.137831405710134747e-01,2.218750000000000000e+00,3.416241863558874825e-01,0.000000000000000000e+00
3.933762786121373090e-01,8.665201741059783691e-01,2.218750000000000000e+00,4.012731960629466466e-01,4.000000000000000000e+00
6.920958100506803268e-01,5.548689303037122045e-01,2.218750000000000000e+00,2.784717525314620579e-01,4.000000000000000000e+00
4.081302095902871740e-01,6.631629046388192172e-01,2.218750000000000000e+00,2.984571987455140740e-01,2.000000000000000000e+00
7.205942413722687956e-02,3.453975848121435543e-01,2.218750000000000000e+00,2.850898951496705913e-01,2.000000000000000000e+00
9.984475652997196748e-01,1.427035057204306401e-01,2.218750000000000000e+00,4.522674248843048805e-01,3.000000000000000000e+00
5.276119887871980607e-01,3.115406234227885429e-01,2.218750000000000000e+00,5.762251775510798812e-02,2.000000000000000000e+00
4.527841721276477105e-01,3.807875114861558608e-01,2.218750000000000000e+00,4.549471200775613844e-01,3.000000000000000000e+00
6.246472794103996584e-01,5.855317910861879138e-01,2.218750000000000000e+00,2.962480854078425319e-01,2.000000000000000000e+00
7.661926596988880012e-02,9.841774849900382094e-01,2.218750000000000000e+00,1.978803697462659106e-01,3.000000000000000000e+00
9.984475652997196748e-01,1.427035057204306401e-01,2.218750000000000000e+00,4.522674248843048805e-01,3.000000000000000000e+00
4.425877624519650166e-01,4.324301522397743791e-01,2.218750000000000000e+00,4.894742317167228851e-01,2.000000000000000000e+00
1.588008428165667285e-01,5.613722728189911582e-01,2.218750000000000000e+00,2.957297868774595440e-01,2.000000000000000000e+00
6.920958100506803268e-01,5.548689303037122045e-01,2.218750000000000000e+00,2.784717525314620579e-01,4.000000000000000000e+00
3.933762786121373090e-01,8.665201741059783691e-01,2.218750000000000000e+00,4.012731960629466466e-01,4.000000000000000000e+00
2.532974734067239830e-01,5.586306498979286550e-01,2.218750000000000000e+00,4.632024773312549693e-01,0.000000000000000000e+00
2.764633263408023400e-01,3.387647517085779492e-01,2.218750000000000000e+00,2.854590413045449693e-01,6.000000000000000000e+00
7.718176248909350834e-01,1.507253822243021790e-01,2.218750000000000000e+00,3.946098135832616371e-01,5.000000000000000000e+00
7.584931405127443016e-01,7.293084027129557168e-01,2.218750000000000000e+00,3.739416681361684702e-01,6.000000000000000000e+00
8.121113111923812244e-01,3.696770064961534819e-01,2.218750000000000000e+00,4.339869139973142609e-01,6.000000000000000000e+00
9.989139918688622055e-01,2.234310553650019626e-01,2.218750000000000000e+00,4.547202810181670829e-01,5.000000000000000000e+00
3.261922884140568413e-01,2.230148999408688437e-01,2.218750000000000000e+00,2.006186727804563641e-01,5.000000000000000000e+00
4.989255945198358688e-01,2.333462153535909855e-01,2.218750000000000000e+00,3.458438784515462938e-01,5.000000000000000000e+00
1.912488165296006848e-01,1.922551087514536572e-01,2.218750000000000000e+00,2.127582664204774321e-01,5.000000000000000000e+00
3.217972042252214004e-01,1.713873524227144951e-01,2.218750000000000000e+00,1.280448704015663686e-01,6.000000000000000000e+00
4.423162604191805958e-01,6.276065028689699066e-01,2.218750000000000000e+00,4.799465750533876696e-01,6.000000000000000000e+00
9.901168619006071037e-01,1.722445735642346432e-01,2.218750000000000000e+00,4.474293779314637565e-01,4.000000000000000000e+00
6.920958100506803268e-01,5.548689303037122045e-01,2.218750000000000000e+00,2.784717525314620579e-01,4.000000000000000000e+00
3.933762786121373090e-01,8.665201741059783691e-01,2.218750000000000000e+00,4.012731960629466466e-01,4.000000000000000000e+00
1.871066701319917536e-01,5.175106629725917395e-01,2.218750000000000000e+00,3.848804917564800920e-01,3.000000000000000000e+00
5.083539087010600088e-01,9.545470730596989917e-01,2.218750000000000000e+00,2.090012634460983731e-01,2.000000000000000000e+00
9.120936751629011852e-01,1.545406217226167334e-01,2.218750000000000000e+00,3.745499529859094290e-01,2.000000000000000000e+00
4.969183359013867318e-01,2.752623468543160534e-01,2.218750000000000000e+00,4.608864442200437672e-01,3.000000000000000000e+00
3.015900272894350698e-01,3.496376725378191330e-01,2.218750000000000000e+00,2.052881385287036731e-01,3.000000000000000000e+00
5.894935674903001299e-01,6.748696111192433733e-01,2.218750000000000000e+00,4.751702521611119168e-01,3.000000000000000000e+00
7.328164739079584544e-01,1.069769602413646603e-01,2.218750000000000000e+00,2.418895717233336684e-01,3.000000000000000000e+00
4.853620955315870455e-01,4.743098576422490331e-01,2.218750000000000000e+00,4.764549145676308939e-01,2.000000000000000000e+00
4.955190561939591953e-01,4.085538497992543538e-01,2.218750000000000000e+00,1.902461539075586683e-01,3.000000000000000000e+00
4.550745354298549872e-01,6.351681787568140836e-01,2.218750000000000000e+00,4.610749914135588989e-01,2.000000000000000000e+00
3.933762786121373090e-01,8.665201741059783691e-01,2.218750000000000000e+00,4.012731960629466466e-01,4.000000000000000000e+00
6.920958100506803268e-01,5.548689303037122045e-01,2.218750000000000000e+00,2.784717525314620579e-01,4.000000000000000000e+00
2.170206248723708375e-01,4.178196316575692459e-01,2.218750000000000000e+00,1.321680838818823644e-01,4.000000000000000000e+00
1.697305400337869308e-01,8.300130660566803487e-01,2.218750000000000000e+00,9.841076925064595748e-01,6.000000000000000000e+00
7.776978484044034801e-01,3.211019667287396961e-01,2.218750000000000000e+00,4.249440225283602213e-01,6.000000000000000000e+00
9.792660627100079340e-01,1.220501904339628546e-01,2.218750000000000000e+00,4.106253266959015158e-01,5.000000000000000000e+00
2.147047357380214294e-01,6.213052233922430195e-02,2.218750000000000000e+00,3.459263770555132123e-01,5.000000000000000000e+00
